clientID,RiskAversion
user-0000000000000037,7.273857142857146
user-0000000000000261,7.147478260869565
user-0000000000000272,7.147478260869565
user-0000000000000306,6.950782312925167
user-0000000000000321,7.273857142857146
user-0000000000000364,7.281738035264485
user-0000000000000395,8.621869918699188
user-0000000000000401,6.950782312925167
user-0000000000000450,7.147478260869565
user-0000000000000459,7.865615942028982
user-0000000000000473,7.147478260869565
user-0000000000000550,7.147478260869565
user-0000000000000632,7.147478260869565
user-0000000000000669,7.273857142857146
user-0000000000000729,7.147478260869565
user-0000000000000748,7.568057553956836
user-0000000000000761,7.147478260869565
user-0000000000000818,7.273857142857146
user-0000000000000830,7.568057553956836
user-0000000000000848,7.568057553956836
user-0000000000000890,7.147478260869565
user-0000000000000896,7.568057553956836
user-0000000000000915,7.568057553956836
user-0000000000000922,7.147478260869565
user-0000000000000930,7.147478260869565
user-0000000000000937,7.273857142857146
user-0000000000000008,7.147478260869565
user-0000000000000033,7.568057553956836
user-0000000000000039,7.273857142857146
user-0000000000000057,7.568057553956836
user-0000000000000070,7.568057553956836
user-0000000000000098,7.865615942028982
user-0000000000000120,7.865615942028982
user-0000000000000149,7.273857142857146
user-0000000000000202,6.7838157894736835
user-0000000000000212,7.568057553956836
user-0000000000000257,8.621869918699188
user-0000000000000292,7.147478260869565
user-0000000000000300,7.273857142857146
user-0000000000000403,7.147478260869565
user-0000000000000414,7.568057553956836
user-0000000000000592,7.568057553956836
user-0000000000000798,7.568057553956836
user-0000000000000878,7.147478260869565
user-0000000000000900,7.568057553956836
user-0000000000000925,7.273857142857146
user-0000000000000951,7.568057553956836
user-0000000000000002,7.568057553956836
user-0000000000000295,7.273857142857146
user-0000000000000321,7.568057553956836
user-0000000000000324,7.273857142857146
user-0000000000000327,7.281738035264485
user-0000000000000380,8.621869918699188
user-0000000000000426,7.147478260869565
user-0000000000000503,7.568057553956836
user-0000000000000540,7.147478260869565
user-0000000000000543,7.273857142857146
user-0000000000000597,7.281738035264485
user-0000000000000613,6.950782312925167
user-0000000000000646,7.568057553956836
user-0000000000000750,7.273857142857146
user-0000000000000828,7.568057553956836
user-0000000000000832,6.7838157894736835
user-0000000000000029,7.568057553956836
user-0000000000000145,7.147478260869565
user-0000000000000183,7.147478260869565
user-0000000000000213,7.568057553956836
user-0000000000000309,7.568057553956836
user-0000000000000312,6.950782312925167
user-0000000000000328,7.568057553956836
user-0000000000000370,7.147478260869565
user-0000000000000400,6.950782312925167
user-0000000000000466,7.273857142857146
user-0000000000000467,7.568057553956836
user-0000000000000483,7.568057553956836
user-0000000000000632,7.147478260869565
user-0000000000000672,7.147478260869565
user-0000000000000689,7.273857142857146
user-0000000000000783,7.273857142857146
user-0000000000000805,7.147478260869565
user-0000000000000839,7.568057553956836
user-0000000000000876,6.7838157894736835
user-0000000000000895,7.147478260869565
user-0000000000000947,7.568057553956836
user-0000000000000954,6.950782312925167
user-0000000000000022,7.147478260869565
user-0000000000000060,7.568057553956836
user-0000000000000087,7.568057553956836
user-0000000000000106,7.568057553956836
user-0000000000000130,7.568057553956836
user-0000000000000163,7.147478260869565
user-0000000000000177,7.147478260869565
user-0000000000000238,7.568057553956836
user-0000000000000244,7.568057553956836
user-0000000000000285,7.865615942028982
user-0000000000000298,7.147478260869565
user-0000000000000301,7.147478260869565
user-0000000000000342,7.568057553956836
user-0000000000000423,7.568057553956836
user-0000000000000469,7.865615942028982
user-0000000000000588,7.273857142857146
user-0000000000000593,7.568057553956836
user-0000000000000620,7.568057553956836
user-0000000000000664,7.865615942028982
user-0000000000000692,7.568057553956836
user-0000000000000698,7.568057553956836
user-0000000000000749,7.568057553956836
user-0000000000000797,7.568057553956836
user-0000000000000806,7.281738035264485
user-0000000000000807,7.568057553956836
user-0000000000000816,6.7838157894736835
user-0000000000000873,7.273857142857146
user-0000000000000960,7.147478260869565
user-0000000000000047,7.568057553956836
user-0000000000000218,7.273857142857146
user-0000000000000233,7.281738035264485
user-0000000000000239,6.7838157894736835
user-0000000000000431,7.568057553956836
user-0000000000000490,7.568057553956836
user-0000000000000563,6.950782312925167
user-0000000000000684,7.568057553956836
user-0000000000000739,7.273857142857146
user-0000000000000963,7.568057553956836
user-0000000000000982,8.621869918699188
user-0000000000000024,7.273857142857146
user-0000000000000108,6.950782312925167
user-0000000000000151,7.568057553956836
user-0000000000000173,7.568057553956836
user-0000000000000206,7.147478260869565
user-0000000000000261,7.568057553956836
user-0000000000000263,7.568057553956836
user-0000000000000338,7.568057553956836
user-0000000000000372,7.568057553956836
user-0000000000000464,7.568057553956836
user-0000000000000553,7.147478260869565
user-0000000000000603,6.7838157894736835
user-0000000000000645,6.950782312925167
user-0000000000000651,7.147478260869565
user-0000000000000726,7.568057553956836
user-0000000000000840,7.273857142857146
user-0000000000000844,7.281738035264485
user-0000000000000912,7.568057553956836
user-0000000000000942,7.568057553956836
user-0000000000000032,7.147478260869565
user-0000000000000062,7.865615942028982
user-0000000000000095,7.273857142857146
user-0000000000000112,7.568057553956836
user-0000000000000118,7.273857142857146
user-0000000000000154,7.273857142857146
user-0000000000000326,7.273857142857146
user-0000000000000367,7.147478260869565
user-0000000000000413,7.147478260869565
user-0000000000000430,7.147478260869565
user-0000000000000581,7.147478260869565
user-0000000000000704,7.568057553956836
user-0000000000000722,7.865615942028982
user-0000000000000733,7.273857142857146
user-0000000000000761,7.568057553956836
user-0000000000000898,6.950782312925167
user-0000000000000956,7.147478260869565
user-0000000000000991,7.568057553956836
user-0000000000000038,7.147478260869565
user-0000000000000102,7.518888888888887
user-0000000000000162,7.568057553956836
user-0000000000000176,7.273857142857146
user-0000000000000342,7.568057553956836
user-0000000000000382,7.147478260869565
user-0000000000000406,7.147478260869565
user-0000000000000463,7.147478260869565
user-0000000000000506,7.147478260869565
user-0000000000000565,6.950782312925167
user-0000000000000610,7.273857142857146
user-0000000000000635,7.568057553956836
user-0000000000000657,7.147478260869565
user-0000000000000667,7.273857142857146
user-0000000000000770,8.621869918699188
user-0000000000000798,7.147478260869565
user-0000000000000855,7.865615942028982
user-0000000000000028,7.568057553956836
user-0000000000000167,7.273857142857146
user-0000000000000337,7.273857142857146
user-0000000000000341,7.568057553956836
user-0000000000000378,7.568057553956836
user-0000000000000534,7.273857142857146
user-0000000000000576,6.950782312925167
user-0000000000000598,7.147478260869565
user-0000000000000641,7.568057553956836
user-0000000000000679,7.147478260869565
user-0000000000000724,7.568057553956836
user-0000000000000749,7.568057553956836
user-0000000000000756,6.950782312925167
user-0000000000000769,7.568057553956836
user-0000000000000920,7.147478260869565
user-0000000000000929,7.147478260869565
user-0000000000000950,7.568057553956836
user-0000000000000007,7.147478260869565
user-0000000000000055,7.147478260869565
user-0000000000000057,6.950782312925167
user-0000000000000086,7.273857142857146
user-0000000000000099,7.568057553956836
user-0000000000000103,7.865615942028982
user-0000000000000146,8.621869918699188
user-0000000000000167,7.147478260869565
user-0000000000000208,7.147478260869565
user-0000000000000224,7.568057553956836
user-0000000000000226,7.568057553956836
user-0000000000000369,7.568057553956836
user-0000000000000385,7.147478260869565
user-0000000000000413,7.281738035264485
user-0000000000000545,7.568057553956836
user-0000000000000557,6.7838157894736835
user-0000000000000630,7.273857142857146
user-0000000000000659,7.568057553956836
user-0000000000000799,7.147478260869565
user-0000000000000900,7.568057553956836
user-0000000000000940,6.7838157894736835
user-0000000000000025,7.568057553956836
user-0000000000000032,6.950782312925167
user-0000000000000091,7.147478260869565
user-0000000000000092,6.7838157894736835
user-0000000000000129,7.865615942028982
user-0000000000000130,7.568057553956836
user-0000000000000238,7.147478260869565
user-0000000000000256,6.7838157894736835
user-0000000000000261,7.518888888888887
user-0000000000000305,7.273857142857146
user-0000000000000321,7.273857142857146
user-0000000000000326,7.568057553956836
user-0000000000000372,7.568057553956836
user-0000000000000430,7.273857142857146
user-0000000000000470,7.147478260869565
user-0000000000000505,7.568057553956836
user-0000000000000551,7.147478260869565
user-0000000000000558,7.147478260869565
user-0000000000000648,7.147478260869565
user-0000000000000687,7.281738035264485
user-0000000000000808,7.568057553956836
user-0000000000000956,7.568057553956836
user-0000000000000150,7.147478260869565
user-0000000000000161,7.281738035264485
user-0000000000000227,7.865615942028982
user-0000000000000360,7.568057553956836
user-0000000000000393,7.568057553956836
user-0000000000000427,7.281738035264485
user-0000000000000473,7.147478260869565
user-0000000000000522,7.273857142857146
user-0000000000000627,7.273857142857146
user-0000000000000748,7.147478260869565
user-0000000000000757,7.147478260869565
user-0000000000000789,7.281738035264485
user-0000000000000820,7.568057553956836
user-0000000000000856,7.568057553956836
user-0000000000000982,8.621869918699188
user-0000000000000038,7.273857142857146
user-0000000000000093,7.281738035264485
user-0000000000000250,7.273857142857146
user-0000000000000441,7.147478260869565
user-0000000000000535,6.7838157894736835
user-0000000000000586,7.281738035264485
user-0000000000000607,7.568057553956836
user-0000000000000637,7.281738035264485
user-0000000000000777,7.281738035264485
user-0000000000000848,7.568057553956836
user-0000000000000954,7.568057553956836
user-0000000000000964,7.568057553956836
user-0000000000000977,7.281738035264485
user-0000000000000006,6.950782312925167
user-0000000000000034,7.147478260869565
user-0000000000000070,7.147478260869565
user-0000000000000099,7.568057553956836
user-0000000000000385,7.281738035264485
user-0000000000000476,7.273857142857146
user-0000000000000486,7.147478260869565
user-0000000000000504,7.568057553956836
user-0000000000000546,7.568057553956836
user-0000000000000561,7.568057553956836
user-0000000000000617,7.568057553956836
user-0000000000000656,7.273857142857146
user-0000000000000657,7.568057553956836
user-0000000000000660,7.568057553956836
user-0000000000000715,7.147478260869565
user-0000000000000745,7.273857142857146
user-0000000000000793,7.273857142857146
user-0000000000000814,6.950782312925167
user-0000000000000828,7.568057553956836
user-0000000000000885,7.568057553956836
user-0000000000000978,7.281738035264485
user-0000000000000023,7.281738035264485
user-0000000000000036,6.7838157894736835
user-0000000000000088,7.281738035264485
user-0000000000000161,7.273857142857146
user-0000000000000196,7.147478260869565
user-0000000000000271,7.568057553956836
user-0000000000000272,7.568057553956836
user-0000000000000282,7.147478260869565
user-0000000000000393,7.568057553956836
user-0000000000000395,7.147478260869565
user-0000000000000399,7.147478260869565
user-0000000000000503,7.568057553956836
user-0000000000000692,7.568057553956836
user-0000000000000752,7.147478260869565
user-0000000000000842,7.147478260869565
user-0000000000000881,7.568057553956836
user-0000000000000893,7.147478260869565
user-0000000000000900,7.568057553956836
user-0000000000000069,7.147478260869565
user-0000000000000078,7.273857142857146
user-0000000000000094,7.281738035264485
user-0000000000000189,7.147478260869565
user-0000000000000192,7.147478260869565
user-0000000000000352,7.147478260869565
user-0000000000000434,7.273857142857146
user-0000000000000455,7.568057553956836
user-0000000000000458,7.147478260869565
user-0000000000000507,7.568057553956836
user-0000000000000555,7.281738035264485
user-0000000000000567,7.568057553956836
user-0000000000000711,7.147478260869565
user-0000000000000869,6.950782312925167
user-0000000000000900,8.621869918699188
user-0000000000000985,7.147478260869565
user-0000000000000017,7.281738035264485
user-0000000000000049,7.568057553956836
user-0000000000000063,7.568057553956836
user-0000000000000084,7.147478260869565
user-0000000000000261,7.568057553956836
user-0000000000000365,7.568057553956836
user-0000000000000381,7.568057553956836
user-0000000000000390,7.281738035264485
user-0000000000000412,7.865615942028982
user-0000000000000532,7.147478260869565
user-0000000000000576,7.568057553956836
user-0000000000000747,7.273857142857146
user-0000000000000763,7.273857142857146
user-0000000000000792,7.281738035264485
user-0000000000000799,6.7838157894736835
user-0000000000000925,7.568057553956836
user-0000000000000928,7.147478260869565
user-0000000000000951,7.568057553956836
user-0000000000000953,7.568057553956836
user-0000000000000967,7.147478260869565
user-0000000000000977,7.147478260869565
user-0000000000000984,6.7838157894736835
user-0000000000000053,7.281738035264485
user-0000000000000113,7.568057553956836
user-0000000000000117,7.568057553956836
user-0000000000000149,7.568057553956836
user-0000000000000230,7.147478260869565
user-0000000000000266,7.147478260869565
user-0000000000000271,7.147478260869565
user-0000000000000336,7.568057553956836
user-0000000000000340,7.147478260869565
user-0000000000000381,7.568057553956836
user-0000000000000416,7.147478260869565
user-0000000000000495,7.147478260869565
user-0000000000000496,7.281738035264485
user-0000000000000519,7.147478260869565
user-0000000000000565,7.568057553956836
user-0000000000000847,7.568057553956836
user-0000000000000870,6.950782312925167
user-0000000000000934,6.950782312925167
user-0000000000000952,7.865615942028982
user-0000000000000959,7.568057553956836
user-0000000000000016,7.273857142857146
user-0000000000000125,7.568057553956836
user-0000000000000131,6.950782312925167
user-0000000000000158,7.273857142857146
user-0000000000000231,7.273857142857146
user-0000000000000235,7.568057553956836
user-0000000000000297,7.147478260869565
user-0000000000000387,7.568057553956836
user-0000000000000434,6.950782312925167
user-0000000000000445,7.273857142857146
user-0000000000000446,7.568057553956836
user-0000000000000462,7.568057553956836
user-0000000000000495,7.568057553956836
user-0000000000000516,7.568057553956836
user-0000000000000534,7.273857142857146
user-0000000000000681,7.865615942028982
user-0000000000000923,8.621869918699188
user-0000000000000925,7.568057553956836
user-0000000000000960,7.568057553956836
user-0000000000000987,7.273857142857146
user-0000000000000010,7.147478260869565
user-0000000000000015,7.568057553956836
user-0000000000000027,7.147478260869565
user-0000000000000032,7.273857142857146
user-0000000000000035,7.147478260869565
user-0000000000000083,6.950782312925167
user-0000000000000093,6.7838157894736835
user-0000000000000153,7.281738035264485
user-0000000000000192,7.273857142857146
user-0000000000000199,7.273857142857146
user-0000000000000218,7.147478260869565
user-0000000000000241,7.147478260869565
user-0000000000000287,7.568057553956836
user-0000000000000353,7.568057553956836
user-0000000000000493,7.518888888888887
user-0000000000000508,7.147478260869565
user-0000000000000547,6.950782312925167
user-0000000000000622,7.273857142857146
user-0000000000000703,6.950782312925167
user-0000000000000772,7.568057553956836
user-0000000000000778,6.950782312925167
user-0000000000000794,7.147478260869565
user-0000000000000826,7.273857142857146
user-0000000000000842,7.147478260869565
user-0000000000000847,7.273857142857146
user-0000000000000899,7.568057553956836
user-0000000000000953,7.147478260869565
user-0000000000000957,7.865615942028982
user-0000000000000014,7.568057553956836
user-0000000000000051,6.950782312925167
user-0000000000000056,7.568057553956836
user-0000000000000064,7.568057553956836
user-0000000000000337,7.273857142857146
user-0000000000000511,6.950782312925167
user-0000000000000518,7.147478260869565
user-0000000000000601,7.568057553956836
user-0000000000000607,7.281738035264485
user-0000000000000694,7.147478260869565
user-0000000000000701,6.7838157894736835
user-0000000000000726,7.568057553956836
user-0000000000000749,8.621869918699188
user-0000000000000758,7.147478260869565
user-0000000000000773,7.147478260869565
user-0000000000000986,7.147478260869565
user-0000000000000054,7.273857142857146
user-0000000000000087,7.273857142857146
user-0000000000000316,7.568057553956836
user-0000000000000339,7.147478260869565
user-0000000000000497,7.568057553956836
user-0000000000000611,7.568057553956836
user-0000000000000630,7.865615942028982
user-0000000000000707,7.147478260869565
user-0000000000000744,7.568057553956836
user-0000000000000747,7.147478260869565
user-0000000000000783,7.147478260869565
user-0000000000000849,7.568057553956836
user-0000000000000855,6.7838157894736835
user-0000000000000878,7.273857142857146
user-0000000000000964,7.147478260869565
user-0000000000000974,7.147478260869565
user-0000000000000011,6.950782312925167
user-0000000000000142,7.273857142857146
user-0000000000000145,7.147478260869565
user-0000000000000196,7.273857142857146
user-0000000000000267,6.950782312925167
user-0000000000000284,7.147478260869565
user-0000000000000441,7.568057553956836
user-0000000000000476,7.568057553956836
user-0000000000000498,7.568057553956836
user-0000000000000509,7.568057553956836
user-0000000000000637,7.568057553956836
user-0000000000000688,7.273857142857146
user-0000000000000699,7.147478260869565
user-0000000000000760,7.568057553956836
user-0000000000000766,7.568057553956836
user-0000000000000818,7.273857142857146
user-0000000000000915,7.568057553956836
user-0000000000000951,7.147478260869565
user-0000000000000963,7.147478260869565
user-0000000000000966,7.273857142857146
user-0000000000000981,7.568057553956836
user-0000000000000001,7.281738035264485
user-0000000000000058,7.281738035264485
user-0000000000000066,8.621869918699188
user-0000000000000085,7.281738035264485
user-0000000000000101,6.950782312925167
user-0000000000000105,6.950782312925167
user-0000000000000127,8.621869918699188
user-0000000000000180,6.950782312925167
user-0000000000000201,7.865615942028982
user-0000000000000209,7.281738035264485
user-0000000000000214,7.865615942028982
user-0000000000000273,7.865615942028982
user-0000000000000293,7.281738035264485
user-0000000000000326,7.281738035264485
user-0000000000000343,6.7838157894736835
user-0000000000000344,8.621869918699188
user-0000000000000375,7.281738035264485
user-0000000000000382,6.950782312925167
user-0000000000000466,7.865615942028982
user-0000000000000482,7.281738035264485
user-0000000000000513,7.273857142857146
user-0000000000000535,7.865615942028982
user-0000000000000595,7.865615942028982
user-0000000000000656,7.865615942028982
user-0000000000000712,7.281738035264485
user-0000000000000714,7.865615942028982
user-0000000000000763,7.281738035264485
user-0000000000000802,7.865615942028982
user-0000000000000806,7.865615942028982
user-0000000000000826,7.281738035264485
user-0000000000000829,7.865615942028982
user-0000000000000836,7.281738035264485
user-0000000000000840,7.281738035264485
user-0000000000000854,7.281738035264485
user-0000000000000877,7.281738035264485
user-0000000000000889,6.950782312925167
user-0000000000000894,6.950782312925167
user-0000000000000923,6.950782312925167
user-0000000000000064,6.950782312925167
user-0000000000000109,7.281738035264485
user-0000000000000172,7.281738035264485
user-0000000000000217,6.7838157894736835
user-0000000000000244,7.865615942028982
user-0000000000000263,6.950782312925167
user-0000000000000264,8.621869918699188
user-0000000000000286,8.621869918699188
user-0000000000000289,6.950782312925167
user-0000000000000315,7.281738035264485
user-0000000000000393,7.281738035264485
user-0000000000000427,7.568057553956836
user-0000000000000430,7.865615942028982
user-0000000000000549,7.281738035264485
user-0000000000000550,6.950782312925167
user-0000000000000564,7.281738035264485
user-0000000000000582,6.950782312925167
user-0000000000000583,7.281738035264485
user-0000000000000597,8.621869918699188
user-0000000000000614,7.281738035264485
user-0000000000000620,7.281738035264485
user-0000000000000636,6.950782312925167
user-0000000000000695,7.865615942028982
user-0000000000000711,7.281738035264485
user-0000000000000729,7.281738035264485
user-0000000000000770,6.950782312925167
user-0000000000000782,6.7838157894736835
user-0000000000000813,7.865615942028982
user-0000000000000828,7.281738035264485
user-0000000000000835,7.865615942028982
user-0000000000000847,7.281738035264485
user-0000000000000884,6.950782312925167
user-0000000000000894,7.281738035264485
user-0000000000000959,6.950782312925167
user-0000000000000007,6.950782312925167
user-0000000000000112,6.950782312925167
user-0000000000000134,7.865615942028982
user-0000000000000149,6.950782312925167
user-0000000000000164,7.281738035264485
user-0000000000000194,6.950782312925167
user-0000000000000249,7.281738035264485
user-0000000000000282,8.621869918699188
user-0000000000000369,7.865615942028982
user-0000000000000372,7.281738035264485
user-0000000000000388,6.950782312925167
user-0000000000000402,7.281738035264485
user-0000000000000443,7.865615942028982
user-0000000000000525,7.281738035264485
user-0000000000000526,6.950782312925167
user-0000000000000539,7.281738035264485
user-0000000000000590,7.281738035264485
user-0000000000000606,7.865615942028982
user-0000000000000617,6.950782312925167
user-0000000000000643,6.950782312925167
user-0000000000000708,6.950782312925167
user-0000000000000750,7.281738035264485
user-0000000000000755,6.950782312925167
user-0000000000000793,7.281738035264485
user-0000000000000877,7.273857142857146
user-0000000000000908,6.950782312925167
user-0000000000000924,7.281738035264485
user-0000000000000052,7.281738035264485
user-0000000000000054,7.865615942028982
user-0000000000000068,6.7838157894736835
user-0000000000000088,7.281738035264485
user-0000000000000156,7.865615942028982
user-0000000000000165,7.865615942028982
user-0000000000000213,7.281738035264485
user-0000000000000216,7.281738035264485
user-0000000000000338,7.281738035264485
user-0000000000000382,7.281738035264485
user-0000000000000386,7.865615942028982
user-0000000000000442,8.621869918699188
user-0000000000000494,7.281738035264485
user-0000000000000501,7.281738035264485
user-0000000000000518,7.865615942028982
user-0000000000000543,7.865615942028982
user-0000000000000606,8.621869918699188
user-0000000000000641,7.281738035264485
user-0000000000000662,7.865615942028982
user-0000000000000673,7.865615942028982
user-0000000000000709,7.281738035264485
user-0000000000000751,7.281738035264485
user-0000000000000788,6.950782312925167
user-0000000000000846,6.950782312925167
user-0000000000000847,7.281738035264485
user-0000000000000932,7.281738035264485
user-0000000000000974,7.865615942028982
user-0000000000000027,7.281738035264485
user-0000000000000029,6.950782312925167
user-0000000000000059,6.7838157894736835
user-0000000000000071,7.281738035264485
user-0000000000000137,6.950782312925167
user-0000000000000155,7.281738035264485
user-0000000000000235,7.865615942028982
user-0000000000000255,6.7838157894736835
user-0000000000000293,7.865615942028982
user-0000000000000297,7.865615942028982
user-0000000000000378,7.865615942028982
user-0000000000000413,7.518888888888887
user-0000000000000415,7.865615942028982
user-0000000000000459,7.281738035264485
user-0000000000000464,6.950782312925167
user-0000000000000471,7.865615942028982
user-0000000000000514,7.281738035264485
user-0000000000000555,8.621869918699188
user-0000000000000567,7.865615942028982
user-0000000000000587,7.865615942028982
user-0000000000000611,8.621869918699188
user-0000000000000661,7.865615942028982
user-0000000000000696,7.273857142857146
user-0000000000000742,7.865615942028982
user-0000000000000752,6.950782312925167
user-0000000000000757,7.281738035264485
user-0000000000000791,8.621869918699188
user-0000000000000829,7.865615942028982
user-0000000000000966,7.865615942028982
user-0000000000000173,7.865615942028982
user-0000000000000269,6.950782312925167
user-0000000000000275,7.568057553956836
user-0000000000000322,6.950782312925167
user-0000000000000369,7.518888888888887
user-0000000000000385,7.865615942028982
user-0000000000000419,7.865615942028982
user-0000000000000473,6.7838157894736835
user-0000000000000603,7.865615942028982
user-0000000000000637,7.865615942028982
user-0000000000000640,8.621869918699188
user-0000000000000648,7.281738035264485
user-0000000000000686,7.865615942028982
user-0000000000000732,7.281738035264485
user-0000000000000797,7.281738035264485
user-0000000000000809,7.865615942028982
user-0000000000000816,7.281738035264485
user-0000000000000839,6.950782312925167
user-0000000000000858,7.281738035264485
user-0000000000000954,7.281738035264485
user-0000000000000006,7.281738035264485
user-0000000000000045,7.865615942028982
user-0000000000000050,7.518888888888887
user-0000000000000083,7.865615942028982
user-0000000000000087,6.950782312925167
user-0000000000000173,7.281738035264485
user-0000000000000221,7.281738035264485
user-0000000000000241,6.950782312925167
user-0000000000000271,7.865615942028982
user-0000000000000282,7.281738035264485
user-0000000000000288,7.281738035264485
user-0000000000000364,7.865615942028982
user-0000000000000465,6.7838157894736835
user-0000000000000572,8.621869918699188
user-0000000000000598,7.865615942028982
user-0000000000000634,6.7838157894736835
user-0000000000000640,6.950782312925167
user-0000000000000698,6.950782312925167
user-0000000000000726,8.621869918699188
user-0000000000000757,6.950782312925167
user-0000000000000932,7.281738035264485
user-0000000000000956,7.865615942028982
user-0000000000000977,7.281738035264485
user-0000000000000986,7.281738035264485
user-0000000000000007,8.621869918699188
user-0000000000000105,7.865615942028982
user-0000000000000109,7.865615942028982
user-0000000000000137,7.865615942028982
user-0000000000000183,6.950782312925167
user-0000000000000186,6.950782312925167
user-0000000000000212,7.865615942028982
user-0000000000000222,6.950782312925167
user-0000000000000236,8.621869918699188
user-0000000000000237,7.281738035264485
user-0000000000000242,7.865615942028982
user-0000000000000255,6.950782312925167
user-0000000000000261,7.281738035264485
user-0000000000000283,6.950782312925167
user-0000000000000303,6.7838157894736835
user-0000000000000364,6.950782312925167
user-0000000000000383,7.281738035264485
user-0000000000000449,8.621869918699188
user-0000000000000472,6.950782312925167
user-0000000000000572,7.281738035264485
user-0000000000000594,7.281738035264485
user-0000000000000695,7.865615942028982
user-0000000000000758,7.281738035264485
user-0000000000000789,7.518888888888887
user-0000000000000793,7.281738035264485
user-0000000000000818,7.281738035264485
user-0000000000000827,8.621869918699188
user-0000000000000930,6.7838157894736835
user-0000000000000955,7.281738035264485
user-0000000000000963,6.950782312925167
user-0000000000000032,8.621869918699188
user-0000000000000051,6.7838157894736835
user-0000000000000054,7.281738035264485
user-0000000000000148,6.950782312925167
user-0000000000000166,7.281738035264485
user-0000000000000190,6.950782312925167
user-0000000000000217,6.950782312925167
user-0000000000000222,7.865615942028982
user-0000000000000278,6.950782312925167
user-0000000000000366,6.950782312925167
user-0000000000000369,6.950782312925167
user-0000000000000476,7.865615942028982
user-0000000000000489,7.865615942028982
user-0000000000000523,7.865615942028982
user-0000000000000556,7.568057553956836
user-0000000000000588,7.568057553956836
user-0000000000000707,7.281738035264485
user-0000000000000789,6.950782312925167
user-0000000000000799,7.281738035264485
user-0000000000000819,8.621869918699188
user-0000000000000860,7.865615942028982
user-0000000000000025,8.621869918699188
user-0000000000000101,7.281738035264485
user-0000000000000122,6.7838157894736835
user-0000000000000130,7.865615942028982
user-0000000000000133,7.281738035264485
user-0000000000000197,6.950782312925167
user-0000000000000225,7.281738035264485
user-0000000000000229,7.865615942028982
user-0000000000000230,7.865615942028982
user-0000000000000273,6.950782312925167
user-0000000000000274,7.865615942028982
user-0000000000000278,7.281738035264485
user-0000000000000294,7.865615942028982
user-0000000000000314,6.950782312925167
user-0000000000000315,7.865615942028982
user-0000000000000322,7.281738035264485
user-0000000000000335,7.281738035264485
user-0000000000000363,7.865615942028982
user-0000000000000368,7.281738035264485
user-0000000000000403,6.950782312925167
user-0000000000000424,8.621869918699188
user-0000000000000427,6.950782312925167
user-0000000000000456,7.281738035264485
user-0000000000000462,7.281738035264485
user-0000000000000485,7.865615942028982
user-0000000000000504,7.865615942028982
user-0000000000000528,8.621869918699188
user-0000000000000615,6.950782312925167
user-0000000000000685,7.281738035264485
user-0000000000000687,7.281738035264485
user-0000000000000745,6.950782312925167
user-0000000000000873,6.950782312925167
user-0000000000000879,7.865615942028982
user-0000000000000916,7.865615942028982
user-0000000000000966,7.568057553956836
user-0000000000000988,6.950782312925167
user-0000000000000989,8.621869918699188
user-0000000000000017,7.281738035264485
user-0000000000000029,6.7838157894736835
user-0000000000000092,7.865615942028982
user-0000000000000093,7.865615942028982
user-0000000000000136,7.281738035264485
user-0000000000000193,6.950782312925167
user-0000000000000207,6.950782312925167
user-0000000000000245,8.621869918699188
user-0000000000000335,7.281738035264485
user-0000000000000400,6.950782312925167
user-0000000000000426,6.950782312925167
user-0000000000000464,7.518888888888887
user-0000000000000517,7.281738035264485
user-0000000000000589,7.281738035264485
user-0000000000000649,8.621869918699188
user-0000000000000689,6.950782312925167
user-0000000000000727,7.865615942028982
user-0000000000000754,6.950782312925167
user-0000000000000847,6.950782312925167
user-0000000000000867,7.865615942028982
user-0000000000000999,7.865615942028982
user-0000000000000008,7.281738035264485
user-0000000000000049,7.865615942028982
user-0000000000000053,7.281738035264485
user-0000000000000078,6.950782312925167
user-0000000000000132,6.7838157894736835
user-0000000000000135,7.281738035264485
user-0000000000000146,7.865615942028982
user-0000000000000200,7.147478260869565
user-0000000000000227,6.950782312925167
user-0000000000000247,7.281738035264485
user-0000000000000292,7.281738035264485
user-0000000000000319,7.281738035264485
user-0000000000000359,6.7838157894736835
user-0000000000000386,6.950782312925167
user-0000000000000455,6.7838157894736835
user-0000000000000456,7.281738035264485
user-0000000000000542,7.281738035264485
user-0000000000000558,7.281738035264485
user-0000000000000571,7.865615942028982
user-0000000000000609,7.865615942028982
user-0000000000000661,7.865615942028982
user-0000000000000672,6.950782312925167
user-0000000000000691,7.865615942028982
user-0000000000000700,8.621869918699188
user-0000000000000788,7.281738035264485
user-0000000000000790,7.865615942028982
user-0000000000000830,6.950782312925167
user-0000000000000922,6.950782312925167
user-0000000000000930,6.950782312925167
user-0000000000000946,6.950782312925167
user-0000000000000050,7.281738035264485
user-0000000000000074,7.518888888888887
user-0000000000000077,7.865615942028982
user-0000000000000096,7.865615942028982
user-0000000000000101,8.621869918699188
user-0000000000000138,7.865615942028982
user-0000000000000150,7.865615942028982
user-0000000000000247,7.865615942028982
user-0000000000000256,7.281738035264485
user-0000000000000258,7.865615942028982
user-0000000000000262,7.865615942028982
user-0000000000000376,7.865615942028982
user-0000000000000378,8.621869918699188
user-0000000000000406,6.950782312925167
user-0000000000000442,7.281738035264485
user-0000000000000444,7.865615942028982
user-0000000000000469,7.281738035264485
user-0000000000000471,7.865615942028982
user-0000000000000475,8.621869918699188
user-0000000000000525,7.281738035264485
user-0000000000000549,6.950782312925167
user-0000000000000577,6.950782312925167
user-0000000000000634,7.281738035264485
user-0000000000000642,6.950782312925167
user-0000000000000676,7.865615942028982
user-0000000000000697,7.281738035264485
user-0000000000000718,7.281738035264485
user-0000000000000750,7.281738035264485
user-0000000000000768,6.7838157894736835
user-0000000000000769,7.865615942028982
user-0000000000000796,7.865615942028982
user-0000000000000810,6.950782312925167
user-0000000000000845,6.950782312925167
user-0000000000000926,7.281738035264485
user-0000000000000011,6.7838157894736835
user-0000000000000022,7.865615942028982
user-0000000000000078,7.147478260869565
user-0000000000000102,7.865615942028982
user-0000000000000162,7.281738035264485
user-0000000000000257,7.865615942028982
user-0000000000000291,6.950782312925167
user-0000000000000343,7.281738035264485
user-0000000000000350,7.281738035264485
user-0000000000000383,7.281738035264485
user-0000000000000425,6.7838157894736835
user-0000000000000463,6.950782312925167
user-0000000000000515,8.621869918699188
user-0000000000000538,6.950782312925167
user-0000000000000580,7.281738035264485
user-0000000000000603,7.273857142857146
user-0000000000000635,8.621869918699188
user-0000000000000653,6.950782312925167
user-0000000000000660,8.621869918699188
user-0000000000000776,7.281738035264485
user-0000000000000828,7.273857142857146
user-0000000000000849,6.950782312925167
user-0000000000000909,6.950782312925167
user-0000000000000944,7.865615942028982
user-0000000000000947,6.950782312925167
user-0000000000000948,8.621869918699188
user-0000000000000958,7.865615942028982
user-0000000000000979,7.147478260869565
user-0000000000000000,7.281738035264485
user-0000000000000079,7.865615942028982
user-0000000000000136,7.281738035264485
user-0000000000000205,6.950782312925167
user-0000000000000276,8.621869918699188
user-0000000000000288,6.950782312925167
user-0000000000000330,7.281738035264485
user-0000000000000352,6.950782312925167
user-0000000000000361,7.281738035264485
user-0000000000000364,6.7838157894736835
user-0000000000000376,6.950782312925167
user-0000000000000390,6.950782312925167
user-0000000000000407,7.281738035264485
user-0000000000000416,7.281738035264485
user-0000000000000421,7.281738035264485
user-0000000000000426,7.281738035264485
user-0000000000000487,7.281738035264485
user-0000000000000548,6.950782312925167
user-0000000000000558,7.865615942028982
user-0000000000000579,7.147478260869565
user-0000000000000634,6.7838157894736835
user-0000000000000665,7.281738035264485
user-0000000000000669,6.950782312925167
user-0000000000000733,6.7838157894736835
user-0000000000000738,8.621869918699188
user-0000000000000761,7.865615942028982
user-0000000000000766,7.281738035264485
user-0000000000000779,7.865615942028982
user-0000000000000782,7.865615942028982
user-0000000000000833,6.950782312925167
user-0000000000000849,7.865615942028982
user-0000000000000863,8.621869918699188
user-0000000000000864,8.621869918699188
user-0000000000000886,7.281738035264485
user-0000000000000966,7.281738035264485
user-0000000000000976,6.950782312925167
user-0000000000000017,6.7838157894736835
user-0000000000000144,8.621869918699188
user-0000000000000147,7.281738035264485
user-0000000000000162,7.865615942028982
user-0000000000000175,7.281738035264485
user-0000000000000262,7.281738035264485
user-0000000000000322,7.281738035264485
user-0000000000000359,7.281738035264485
user-0000000000000364,7.865615942028982
user-0000000000000444,8.621869918699188
user-0000000000000465,8.621869918699188
user-0000000000000466,7.865615942028982
user-0000000000000495,7.865615942028982
user-0000000000000528,7.281738035264485
user-0000000000000534,6.7838157894736835
user-0000000000000537,7.518888888888887
user-0000000000000609,6.950782312925167
user-0000000000000715,7.281738035264485
user-0000000000000733,6.950782312925167
user-0000000000000765,8.621869918699188
user-0000000000000803,7.865615942028982
user-0000000000000812,7.281738035264485
user-0000000000000843,7.147478260869565
user-0000000000000845,6.950782312925167
user-0000000000000860,6.950782312925167
user-0000000000000922,7.865615942028982
user-0000000000000971,6.950782312925167
user-0000000000000983,7.865615942028982
user-0000000000000022,8.621869918699188
user-0000000000000027,7.281738035264485
user-0000000000000036,8.621869918699188
user-0000000000000053,7.865615942028982
user-0000000000000062,6.950782312925167
user-0000000000000185,8.621869918699188
user-0000000000000216,7.281738035264485
user-0000000000000240,6.950782312925167
user-0000000000000241,7.281738035264485
user-0000000000000254,7.281738035264485
user-0000000000000295,7.281738035264485
user-0000000000000300,7.281738035264485
user-0000000000000337,7.281738035264485
user-0000000000000338,7.281738035264485
user-0000000000000349,7.281738035264485
user-0000000000000428,7.281738035264485
user-0000000000000471,6.950782312925167
user-0000000000000479,6.950782312925167
user-0000000000000494,7.281738035264485
user-0000000000000513,6.7838157894736835
user-0000000000000533,6.7838157894736835
user-0000000000000548,8.621869918699188
user-0000000000000559,6.950782312925167
user-0000000000000605,6.950782312925167
user-0000000000000609,6.950782312925167
user-0000000000000620,7.865615942028982
user-0000000000000626,7.865615942028982
user-0000000000000656,6.950782312925167
user-0000000000000688,6.950782312925167
user-0000000000000722,7.281738035264485
user-0000000000000729,7.865615942028982
user-0000000000000739,7.281738035264485
user-0000000000000786,6.950782312925167
user-0000000000000859,7.273857142857146
user-0000000000000862,7.281738035264485
user-0000000000000907,7.281738035264485
user-0000000000000912,7.281738035264485
user-0000000000000973,7.865615942028982
user-0000000000000061,7.281738035264485
user-0000000000000110,8.621869918699188
user-0000000000000114,7.518888888888887
user-0000000000000175,7.865615942028982
user-0000000000000225,7.281738035264485
user-0000000000000244,7.865615942028982
user-0000000000000297,7.865615942028982
user-0000000000000374,7.518888888888887
user-0000000000000400,8.621869918699188
user-0000000000000436,7.281738035264485
user-0000000000000437,8.621869918699188
user-0000000000000478,6.7838157894736835
user-0000000000000505,6.950782312925167
user-0000000000000574,7.281738035264485
user-0000000000000593,7.281738035264485
user-0000000000000642,7.865615942028982
user-0000000000000666,7.865615942028982
user-0000000000000672,8.621869918699188
user-0000000000000706,7.281738035264485
user-0000000000000714,6.950782312925167
user-0000000000000752,7.281738035264485
user-0000000000000770,7.281738035264485
user-0000000000000781,7.865615942028982
user-0000000000000787,6.950782312925167
user-0000000000000792,8.621869918699188
user-0000000000000819,8.621869918699188
user-0000000000000841,7.865615942028982
user-0000000000000897,7.281738035264485
user-0000000000000946,6.950782312925167
user-0000000000000954,7.281738035264485
user-0000000000000997,7.865615942028982
user-0000000000000034,7.273857142857146
user-0000000000000062,6.950782312925167
user-0000000000000063,6.7838157894736835
user-0000000000000099,6.950782312925167
user-0000000000000159,7.281738035264485
user-0000000000000283,6.950782312925167
user-0000000000000297,6.7838157894736835
user-0000000000000312,6.950782312925167
user-0000000000000363,7.281738035264485
user-0000000000000421,7.281738035264485
user-0000000000000468,7.147478260869565
user-0000000000000479,7.281738035264485
user-0000000000000498,6.950782312925167
user-0000000000000583,7.281738035264485
user-0000000000000600,7.865615942028982
user-0000000000000685,6.950782312925167
user-0000000000000709,7.865615942028982
user-0000000000000714,6.950782312925167
user-0000000000000721,6.7838157894736835
user-0000000000000726,7.281738035264485
user-0000000000000745,7.281738035264485
user-0000000000000757,7.865615942028982
user-0000000000000790,7.281738035264485
user-0000000000000795,7.865615942028982
user-0000000000000811,6.950782312925167
user-0000000000000863,7.281738035264485
user-0000000000000887,6.950782312925167
user-0000000000000901,6.950782312925167
user-0000000000000931,7.865615942028982
user-0000000000000946,6.950782312925167
user-0000000000000960,6.950782312925167
user-0000000000000000,7.281738035264485
user-0000000000000036,6.950782312925167
user-0000000000000037,7.281738035264485
user-0000000000000048,6.7838157894736835
user-0000000000000169,7.281738035264485
user-0000000000000173,7.281738035264485
user-0000000000000214,7.865615942028982
user-0000000000000239,7.865615942028982
user-0000000000000304,7.281738035264485
user-0000000000000318,7.865615942028982
user-0000000000000353,7.281738035264485
user-0000000000000365,7.147478260869565
user-0000000000000385,6.950782312925167
user-0000000000000394,7.273857142857146
user-0000000000000406,7.281738035264485
user-0000000000000435,7.281738035264485
user-0000000000000436,7.865615942028982
user-0000000000000441,7.281738035264485
user-0000000000000472,7.281738035264485
user-0000000000000482,6.950782312925167
user-0000000000000511,6.950782312925167
user-0000000000000544,7.281738035264485
user-0000000000000547,7.281738035264485
user-0000000000000556,6.950782312925167
user-0000000000000557,8.621869918699188
user-0000000000000600,6.7838157894736835
user-0000000000000650,8.621869918699188
user-0000000000000679,6.950782312925167
user-0000000000000689,8.621869918699188
user-0000000000000752,8.621869918699188
user-0000000000000873,7.865615942028982
user-0000000000000910,7.281738035264485
user-0000000000000923,6.950782312925167
user-0000000000000933,6.950782312925167
user-0000000000000940,7.865615942028982
user-0000000000000990,7.281738035264485
user-0000000000000011,7.865615942028982
user-0000000000000018,6.7838157894736835
user-0000000000000106,6.950782312925167
user-0000000000000135,7.865615942028982
user-0000000000000188,7.865615942028982
user-0000000000000240,6.950782312925167
user-0000000000000254,6.7838157894736835
user-0000000000000277,6.950782312925167
user-0000000000000283,8.621869918699188
user-0000000000000328,7.865615942028982
user-0000000000000348,6.950782312925167
user-0000000000000374,8.621869918699188
user-0000000000000385,7.865615942028982
user-0000000000000394,7.281738035264485
user-0000000000000396,7.281738035264485
user-0000000000000526,8.621869918699188
user-0000000000000541,6.950782312925167
user-0000000000000585,6.7838157894736835
user-0000000000000631,7.865615942028982
user-0000000000000635,6.950782312925167
user-0000000000000642,7.865615942028982
user-0000000000000643,7.865615942028982
user-0000000000000655,7.281738035264485
user-0000000000000666,6.950782312925167
user-0000000000000756,6.7838157894736835
user-0000000000000810,7.281738035264485
user-0000000000000848,7.865615942028982
user-0000000000000908,7.281738035264485
user-0000000000000922,6.950782312925167
user-0000000000000934,7.147478260869565
user-0000000000000940,7.281738035264485
user-0000000000000012,6.950782312925167
user-0000000000000041,7.281738035264485
user-0000000000000048,6.950782312925167
user-0000000000000071,7.865615942028982
user-0000000000000089,7.865615942028982
user-0000000000000136,7.281738035264485
user-0000000000000148,8.621869918699188
user-0000000000000158,6.950782312925167
user-0000000000000196,8.621869918699188
user-0000000000000307,6.950782312925167
user-0000000000000327,8.621869918699188
user-0000000000000386,6.950782312925167
user-0000000000000401,7.281738035264485
user-0000000000000420,7.281738035264485
user-0000000000000452,7.281738035264485
user-0000000000000469,7.281738035264485
user-0000000000000518,7.865615942028982
user-0000000000000604,6.950782312925167
user-0000000000000629,6.950782312925167
user-0000000000000633,6.950782312925167
user-0000000000000638,7.281738035264485
user-0000000000000673,7.865615942028982
user-0000000000000690,7.865615942028982
user-0000000000000699,7.865615942028982
user-0000000000000708,6.950782312925167
user-0000000000000723,6.950782312925167
user-0000000000000801,6.950782312925167
user-0000000000000887,7.518888888888887
user-0000000000000922,6.950782312925167
user-0000000000000016,7.865615942028982
user-0000000000000031,7.865615942028982
user-0000000000000047,6.950782312925167
user-0000000000000065,7.865615942028982
user-0000000000000097,7.281738035264485
user-0000000000000109,6.7838157894736835
user-0000000000000139,6.7838157894736835
user-0000000000000147,6.7838157894736835
user-0000000000000150,7.865615942028982
user-0000000000000170,7.281738035264485
user-0000000000000199,7.865615942028982
user-0000000000000200,8.621869918699188
user-0000000000000215,6.950782312925167
user-0000000000000252,7.281738035264485
user-0000000000000291,8.621869918699188
user-0000000000000304,6.950782312925167
user-0000000000000316,7.281738035264485
user-0000000000000347,6.950782312925167
user-0000000000000395,6.950782312925167
user-0000000000000576,7.281738035264485
user-0000000000000592,8.621869918699188
user-0000000000000623,7.281738035264485
user-0000000000000662,6.950782312925167
user-0000000000000764,6.7838157894736835
user-0000000000000895,7.281738035264485
user-0000000000000960,7.281738035264485
user-0000000000000037,8.621869918699188
user-0000000000000040,7.865615942028982
user-0000000000000076,7.281738035264485
user-0000000000000125,8.621869918699188
user-0000000000000196,7.281738035264485
user-0000000000000201,7.865615942028982
user-0000000000000299,7.281738035264485
user-0000000000000305,7.865615942028982
user-0000000000000392,8.621869918699188
user-0000000000000402,7.281738035264485
user-0000000000000409,8.621869918699188
user-0000000000000448,6.950782312925167
user-0000000000000470,7.865615942028982
user-0000000000000484,7.865615942028982
user-0000000000000492,7.865615942028982
user-0000000000000494,7.281738035264485
user-0000000000000501,6.950782312925167
user-0000000000000513,8.621869918699188
user-0000000000000536,7.281738035264485
user-0000000000000603,7.281738035264485
user-0000000000000723,7.865615942028982
user-0000000000000755,7.281738035264485
user-0000000000000810,6.950782312925167
user-0000000000000839,7.281738035264485
user-0000000000000863,7.281738035264485
user-0000000000000871,7.281738035264485
user-0000000000000894,6.7838157894736835
user-0000000000000938,7.281738035264485
user-0000000000000940,8.621869918699188
user-0000000000000942,6.7838157894736835
user-0000000000000974,7.281738035264485
user-0000000000000006,7.281738035264485
user-0000000000000023,6.7838157894736835
user-0000000000000054,7.281738035264485
user-0000000000000084,6.950782312925167
user-0000000000000112,7.865615942028982
user-0000000000000114,7.147478260869565
user-0000000000000141,7.865615942028982
user-0000000000000191,6.950782312925167
user-0000000000000239,7.865615942028982
user-0000000000000270,6.950782312925167
user-0000000000000297,7.865615942028982
user-0000000000000305,7.281738035264485
user-0000000000000355,7.281738035264485
user-0000000000000360,6.950782312925167
user-0000000000000378,8.621869918699188
user-0000000000000422,7.865615942028982
user-0000000000000438,7.865615942028982
user-0000000000000508,8.621869918699188
user-0000000000000537,7.865615942028982
user-0000000000000556,7.281738035264485
user-0000000000000561,7.281738035264485
user-0000000000000562,8.621869918699188
user-0000000000000593,6.950782312925167
user-0000000000000621,7.865615942028982
user-0000000000000624,7.865615942028982
user-0000000000000647,7.281738035264485
user-0000000000000724,7.281738035264485
user-0000000000000733,7.281738035264485
user-0000000000000739,7.865615942028982
user-0000000000000745,8.621869918699188
user-0000000000000763,6.950782312925167
user-0000000000000764,7.281738035264485
user-0000000000000769,7.281738035264485
user-0000000000000890,6.950782312925167
user-0000000000000902,7.865615942028982
user-0000000000000904,7.281738035264485
user-0000000000000953,7.865615942028982
user-0000000000000971,7.865615942028982
user-0000000000000984,7.281738035264485
user-0000000000000985,7.281738035264485
user-0000000000000992,7.865615942028982
user-0000000000000002,7.865615942028982
user-0000000000000010,6.7838157894736835
user-0000000000000030,7.865615942028982
user-0000000000000034,7.568057553956836
user-0000000000000116,8.621869918699188
user-0000000000000168,7.281738035264485
user-0000000000000182,8.621869918699188
user-0000000000000187,7.865615942028982
user-0000000000000283,6.7838157894736835
user-0000000000000296,6.950782312925167
user-0000000000000408,7.865615942028982
user-0000000000000417,7.865615942028982
user-0000000000000546,7.281738035264485
user-0000000000000634,7.281738035264485
user-0000000000000689,7.281738035264485
user-0000000000000736,8.621869918699188
user-0000000000000747,6.7838157894736835
user-0000000000000751,7.281738035264485
user-0000000000000801,7.281738035264485
user-0000000000000817,6.950782312925167
user-0000000000000859,6.7838157894736835
user-0000000000000876,7.865615942028982
user-0000000000000879,8.621869918699188
user-0000000000000889,7.865615942028982
user-0000000000000902,7.865615942028982
user-0000000000000933,7.518888888888887
user-0000000000000041,7.281738035264485
user-0000000000000075,7.281738035264485
user-0000000000000115,7.568057553956836
user-0000000000000158,8.621869918699188
user-0000000000000166,7.281738035264485
user-0000000000000254,7.865615942028982
user-0000000000000296,7.865615942028982
user-0000000000000361,7.281738035264485
user-0000000000000370,7.281738035264485
user-0000000000000377,7.281738035264485
user-0000000000000423,7.865615942028982
user-0000000000000429,7.865615942028982
user-0000000000000448,7.865615942028982
user-0000000000000473,7.281738035264485
user-0000000000000503,6.950782312925167
user-0000000000000515,8.621869918699188
user-0000000000000516,7.865615942028982
user-0000000000000579,7.281738035264485
user-0000000000000596,7.281738035264485
user-0000000000000628,7.865615942028982
user-0000000000000658,7.865615942028982
user-0000000000000795,8.621869918699188
user-0000000000000821,6.950782312925167
user-0000000000000854,7.865615942028982
user-0000000000000868,6.950782312925167
user-0000000000000904,7.281738035264485
user-0000000000000918,7.865615942028982
user-0000000000000920,7.865615942028982
user-0000000000000958,7.281738035264485
user-0000000000000966,7.281738035264485
user-0000000000000035,7.518888888888887
user-0000000000000039,7.281738035264485
user-0000000000000124,7.568057553956836
user-0000000000000242,6.950782312925167
user-0000000000000251,6.950782312925167
user-0000000000000268,7.281738035264485
user-0000000000000354,7.281738035264485
user-0000000000000368,6.7838157894736835
user-0000000000000436,7.281738035264485
user-0000000000000493,7.281738035264485
user-0000000000000515,8.621869918699188
user-0000000000000548,6.950782312925167
user-0000000000000563,6.950782312925167
user-0000000000000591,7.865615942028982
user-0000000000000609,6.7838157894736835
user-0000000000000674,6.950782312925167
user-0000000000000734,7.281738035264485
user-0000000000000832,7.865615942028982
user-0000000000000838,7.568057553956836
user-0000000000000910,7.281738035264485
user-0000000000000928,8.621869918699188
user-0000000000000945,7.518888888888887
user-0000000000000961,8.621869918699188
user-0000000000000982,7.865615942028982
user-0000000000000986,7.865615942028982
user-0000000000000996,8.621869918699188
user-0000000000000009,7.568057553956836
user-0000000000000032,7.865615942028982
user-0000000000000052,7.865615942028982
user-0000000000000056,8.621869918699188
user-0000000000000079,6.7838157894736835
user-0000000000000161,8.621869918699188
user-0000000000000271,6.7838157894736835
user-0000000000000301,7.281738035264485
user-0000000000000306,6.950782312925167
user-0000000000000339,7.281738035264485
user-0000000000000340,7.568057553956836
user-0000000000000350,6.950782312925167
user-0000000000000363,6.950782312925167
user-0000000000000514,7.865615942028982
user-0000000000000593,7.281738035264485
user-0000000000000612,6.950782312925167
user-0000000000000641,7.865615942028982
user-0000000000000643,7.865615942028982
user-0000000000000649,8.621869918699188
user-0000000000000665,6.950782312925167
user-0000000000000721,7.865615942028982
user-0000000000000736,6.7838157894736835
user-0000000000000745,6.7838157894736835
user-0000000000000782,6.950782312925167
user-0000000000000809,7.281738035264485
user-0000000000000845,7.281738035264485
user-0000000000000859,6.950782312925167
user-0000000000000870,6.950782312925167
user-0000000000000880,8.621869918699188
user-0000000000000898,6.950782312925167
user-0000000000000988,6.7838157894736835
user-0000000000000005,8.621869918699188
user-0000000000000016,7.281738035264485
user-0000000000000107,7.281738035264485
user-0000000000000127,6.950782312925167
user-0000000000000138,6.950782312925167
user-0000000000000187,6.950782312925167
user-0000000000000196,6.950782312925167
user-0000000000000209,6.950782312925167
user-0000000000000235,7.865615942028982
user-0000000000000253,7.568057553956836
user-0000000000000262,7.865615942028982
user-0000000000000263,6.950782312925167
user-0000000000000330,7.281738035264485
user-0000000000000347,7.281738035264485
user-0000000000000365,7.568057553956836
user-0000000000000371,6.950782312925167
user-0000000000000462,8.621869918699188
user-0000000000000490,7.281738035264485
user-0000000000000499,7.865615942028982
user-0000000000000501,6.950782312925167
user-0000000000000528,7.281738035264485
user-0000000000000533,7.865615942028982
user-0000000000000550,7.865615942028982
user-0000000000000591,7.281738035264485
user-0000000000000672,7.865615942028982
user-0000000000000681,6.950782312925167
user-0000000000000733,7.281738035264485
user-0000000000000765,6.950782312925167
user-0000000000000790,7.865615942028982
user-0000000000000892,7.281738035264485
user-0000000000000930,8.621869918699188
user-0000000000000956,7.865615942028982
user-0000000000000101,7.281738035264485
user-0000000000000149,7.568057553956836
user-0000000000000157,7.281738035264485
user-0000000000000363,7.865615942028982
user-0000000000000384,8.621869918699188
user-0000000000000393,8.621869918699188
user-0000000000000525,7.281738035264485
user-0000000000000532,6.950782312925167
user-0000000000000543,7.865615942028982
user-0000000000000600,7.518888888888887
user-0000000000000627,6.950782312925167
user-0000000000000696,8.621869918699188
user-0000000000000730,7.281738035264485
user-0000000000000746,7.865615942028982
user-0000000000000753,6.950782312925167
user-0000000000000771,7.281738035264485
user-0000000000000799,7.281738035264485
user-0000000000000822,7.865615942028982
user-0000000000000850,7.865615942028982
user-0000000000000882,6.950782312925167
user-0000000000000885,7.281738035264485
user-0000000000000929,6.950782312925167
user-0000000000000946,7.865615942028982
user-0000000000000992,6.7838157894736835
user-0000000000000999,8.621869918699188
user-0000000000000136,7.865615942028982
user-0000000000000153,7.281738035264485
user-0000000000000192,7.281738035264485
user-0000000000000200,7.865615942028982
user-0000000000000240,7.281738035264485
user-0000000000000243,6.950782312925167
user-0000000000000246,7.865615942028982
user-0000000000000256,6.950782312925167
user-0000000000000263,7.281738035264485
user-0000000000000323,7.865615942028982
user-0000000000000359,6.950782312925167
user-0000000000000362,6.950782312925167
user-0000000000000438,6.950782312925167
user-0000000000000473,6.950782312925167
user-0000000000000603,7.281738035264485
user-0000000000000614,6.7838157894736835
user-0000000000000688,7.281738035264485
user-0000000000000704,7.281738035264485
user-0000000000000705,7.865615942028982
user-0000000000000727,6.950782312925167
user-0000000000000802,6.7838157894736835
user-0000000000000866,6.950782312925167
user-0000000000000870,8.621869918699188
user-0000000000000873,6.950782312925167
user-0000000000000901,7.281738035264485
user-0000000000000940,6.950782312925167
user-0000000000000030,6.7838157894736835
user-0000000000000076,7.865615942028982
user-0000000000000090,7.865615942028982
user-0000000000000105,8.621869918699188
user-0000000000000144,6.7838157894736835
user-0000000000000152,7.281738035264485
user-0000000000000171,7.865615942028982
user-0000000000000193,6.950782312925167
user-0000000000000200,6.950782312925167
user-0000000000000216,6.950782312925167
user-0000000000000249,7.865615942028982
user-0000000000000251,7.281738035264485
user-0000000000000276,7.865615942028982
user-0000000000000316,6.950782312925167
user-0000000000000356,7.281738035264485
user-0000000000000433,7.281738035264485
user-0000000000000518,6.950782312925167
user-0000000000000594,6.950782312925167
user-0000000000000651,6.950782312925167
user-0000000000000708,6.950782312925167
user-0000000000000731,7.865615942028982
user-0000000000000753,7.281738035264485
user-0000000000000766,7.281738035264485
user-0000000000000770,7.865615942028982
user-0000000000000774,7.281738035264485
user-0000000000000789,6.950782312925167
user-0000000000000874,7.281738035264485
user-0000000000000877,7.281738035264485
user-0000000000000883,8.621869918699188
user-0000000000000936,6.950782312925167
user-0000000000000965,7.281738035264485
user-0000000000000100,8.621869918699188
user-0000000000000152,7.568057553956836
user-0000000000000171,7.281738035264485
user-0000000000000230,7.281738035264485
user-0000000000000265,7.281738035264485
user-0000000000000301,6.950782312925167
user-0000000000000307,7.865615942028982
user-0000000000000355,7.281738035264485
user-0000000000000382,7.518888888888887
user-0000000000000453,7.865615942028982
user-0000000000000454,7.865615942028982
user-0000000000000487,6.7838157894736835
user-0000000000000509,7.281738035264485
user-0000000000000520,7.281738035264485
user-0000000000000554,6.950782312925167
user-0000000000000563,6.950782312925167
user-0000000000000581,7.865615942028982
user-0000000000000597,7.865615942028982
user-0000000000000635,7.281738035264485
user-0000000000000643,7.281738035264485
user-0000000000000655,7.568057553956836
user-0000000000000674,7.281738035264485
user-0000000000000691,7.281738035264485
user-0000000000000731,7.281738035264485
user-0000000000000734,7.281738035264485
user-0000000000000775,8.621869918699188
user-0000000000000823,6.950782312925167
user-0000000000000827,7.865615942028982
user-0000000000000851,6.950782312925167
user-0000000000000880,6.950782312925167
user-0000000000000925,7.281738035264485
user-0000000000000998,8.621869918699188
user-0000000000000053,7.865615942028982
user-0000000000000110,7.281738035264485
user-0000000000000129,6.950782312925167
user-0000000000000205,7.281738035264485
user-0000000000000236,7.865615942028982
user-0000000000000253,7.281738035264485
user-0000000000000322,7.281738035264485
user-0000000000000331,8.621869918699188
user-0000000000000404,7.281738035264485
user-0000000000000592,6.950782312925167
user-0000000000000593,7.865615942028982
user-0000000000000625,7.281738035264485
user-0000000000000641,7.281738035264485
user-0000000000000712,8.621869918699188
user-0000000000000720,7.281738035264485
user-0000000000000728,8.621869918699188
user-0000000000000736,8.621869918699188
user-0000000000000751,7.281738035264485
user-0000000000000766,7.281738035264485
user-0000000000000781,7.281738035264485
user-0000000000000835,7.281738035264485
user-0000000000000866,7.281738035264485
user-0000000000000881,6.950782312925167
user-0000000000000930,6.950782312925167
user-0000000000000942,7.281738035264485
user-0000000000000963,8.621869918699188
user-0000000000000987,7.865615942028982
user-0000000000000026,7.281738035264485
user-0000000000000129,6.950782312925167
user-0000000000000210,7.865615942028982
user-0000000000000214,7.865615942028982
user-0000000000000247,6.7838157894736835
user-0000000000000262,8.621869918699188
user-0000000000000319,7.281738035264485
user-0000000000000322,7.281738035264485
user-0000000000000359,7.281738035264485
user-0000000000000362,6.950782312925167
user-0000000000000411,7.281738035264485
user-0000000000000462,7.281738035264485
user-0000000000000473,6.950782312925167
user-0000000000000510,6.7838157894736835
user-0000000000000570,6.950782312925167
user-0000000000000583,6.7838157894736835
user-0000000000000599,7.281738035264485
user-0000000000000606,6.950782312925167
user-0000000000000677,8.621869918699188
user-0000000000000691,8.621869918699188
user-0000000000000720,7.281738035264485
user-0000000000000747,7.281738035264485
user-0000000000000751,7.281738035264485
user-0000000000000763,7.281738035264485
user-0000000000000770,7.281738035264485
user-0000000000000784,6.950782312925167
user-0000000000000815,7.281738035264485
user-0000000000000836,7.281738035264485
user-0000000000000837,7.281738035264485
user-0000000000000840,7.865615942028982
user-0000000000000850,7.281738035264485
user-0000000000000897,7.281738035264485
user-0000000000000928,7.865615942028982
user-0000000000000950,7.865615942028982
user-0000000000000966,7.865615942028982
user-0000000000000969,7.281738035264485
user-0000000000000053,8.621869918699188
user-0000000000000066,8.621869918699188
user-0000000000000070,7.281738035264485
user-0000000000000085,7.281738035264485
user-0000000000000089,7.281738035264485
user-0000000000000100,7.281738035264485
user-0000000000000116,7.281738035264485
user-0000000000000140,6.950782312925167
user-0000000000000207,7.281738035264485
user-0000000000000229,6.950782312925167
user-0000000000000240,7.865615942028982
user-0000000000000253,7.281738035264485
user-0000000000000340,7.273857142857146
user-0000000000000444,8.621869918699188
user-0000000000000450,7.865615942028982
user-0000000000000464,7.281738035264485
user-0000000000000478,7.281738035264485
user-0000000000000491,7.865615942028982
user-0000000000000493,7.865615942028982
user-0000000000000503,7.281738035264485
user-0000000000000510,7.865615942028982
user-0000000000000529,7.281738035264485
user-0000000000000559,7.281738035264485
user-0000000000000563,7.865615942028982
user-0000000000000630,7.281738035264485
user-0000000000000684,7.865615942028982
user-0000000000000693,7.281738035264485
user-0000000000000741,6.950782312925167
user-0000000000000762,7.865615942028982
user-0000000000000776,7.518888888888887
user-0000000000000793,6.950782312925167
user-0000000000000803,7.281738035264485
user-0000000000000805,6.950782312925167
user-0000000000000808,6.950782312925167
user-0000000000000856,7.865615942028982
user-0000000000000876,7.281738035264485
user-0000000000000885,7.865615942028982
user-0000000000000905,7.281738035264485
user-0000000000000943,7.865615942028982
user-0000000000000965,6.950782312925167
user-0000000000000993,6.950782312925167
user-0000000000000014,7.281738035264485
user-0000000000000015,6.950782312925167
user-0000000000000059,7.865615942028982
user-0000000000000106,7.281738035264485
user-0000000000000110,7.281738035264485
user-0000000000000150,7.281738035264485
user-0000000000000220,8.621869918699188
user-0000000000000236,7.865615942028982
user-0000000000000282,8.621869918699188
user-0000000000000347,7.865615942028982
user-0000000000000355,6.950782312925167
user-0000000000000368,8.621869918699188
user-0000000000000389,7.865615942028982
user-0000000000000419,7.865615942028982
user-0000000000000457,7.281738035264485
user-0000000000000469,6.950782312925167
user-0000000000000524,7.518888888888887
user-0000000000000529,7.281738035264485
user-0000000000000570,7.281738035264485
user-0000000000000625,8.621869918699188
user-0000000000000638,7.281738035264485
user-0000000000000700,6.950782312925167
user-0000000000000732,7.865615942028982
user-0000000000000779,7.281738035264485
user-0000000000000817,7.281738035264485
user-0000000000000834,7.865615942028982
user-0000000000000859,6.950782312925167
user-0000000000000897,6.7838157894736835
user-0000000000000898,6.950782312925167
user-0000000000000912,7.281738035264485
user-0000000000000929,7.865615942028982
user-0000000000000952,7.281738035264485
user-0000000000000006,7.281738035264485
user-0000000000000016,6.7838157894736835
user-0000000000000077,8.621869918699188
user-0000000000000097,8.621869918699188
user-0000000000000109,7.281738035264485
user-0000000000000117,6.950782312925167
user-0000000000000164,7.568057553956836
user-0000000000000178,7.865615942028982
user-0000000000000209,6.950782312925167
user-0000000000000214,7.281738035264485
user-0000000000000284,6.950782312925167
user-0000000000000291,7.865615942028982
user-0000000000000331,6.950782312925167
user-0000000000000346,7.281738035264485
user-0000000000000359,8.621869918699188
user-0000000000000394,8.621869918699188
user-0000000000000448,7.281738035264485
user-0000000000000449,7.281738035264485
user-0000000000000451,7.865615942028982
user-0000000000000492,7.281738035264485
user-0000000000000624,6.950782312925167
user-0000000000000675,6.950782312925167
user-0000000000000714,6.950782312925167
user-0000000000000960,7.865615942028982
user-0000000000000996,6.7838157894736835
user-0000000000000052,8.621869918699188
user-0000000000000142,7.865615942028982
user-0000000000000150,7.281738035264485
user-0000000000000159,8.621869918699188
user-0000000000000165,7.281738035264485
user-0000000000000189,7.865615942028982
user-0000000000000198,6.950782312925167
user-0000000000000241,8.621869918699188
user-0000000000000260,7.865615942028982
user-0000000000000377,7.281738035264485
user-0000000000000416,7.281738035264485
user-0000000000000465,7.281738035264485
user-0000000000000509,6.950782312925167
user-0000000000000518,7.281738035264485
user-0000000000000523,6.950782312925167
user-0000000000000537,7.281738035264485
user-0000000000000550,7.865615942028982
user-0000000000000650,6.950782312925167
user-0000000000000684,7.281738035264485
user-0000000000000740,6.950782312925167
user-0000000000000790,8.621869918699188
user-0000000000000822,7.865615942028982
user-0000000000000832,7.281738035264485
user-0000000000000849,6.7838157894736835
user-0000000000000902,6.950782312925167
user-0000000000000912,7.281738035264485
user-0000000000000937,7.281738035264485
user-0000000000000024,6.950782312925167
user-0000000000000034,8.621869918699188
user-0000000000000039,6.950782312925167
user-0000000000000066,7.568057553956836
user-0000000000000087,8.621869918699188
user-0000000000000105,7.865615942028982
user-0000000000000145,6.7838157894736835
user-0000000000000147,7.281738035264485
user-0000000000000156,7.281738035264485
user-0000000000000160,7.865615942028982
user-0000000000000255,7.281738035264485
user-0000000000000482,7.865615942028982
user-0000000000000544,7.281738035264485
user-0000000000000621,7.281738035264485
user-0000000000000648,7.865615942028982
user-0000000000000668,7.281738035264485
user-0000000000000679,7.865615942028982
user-0000000000000703,6.950782312925167
user-0000000000000707,6.950782312925167
user-0000000000000735,7.865615942028982
user-0000000000000737,7.281738035264485
user-0000000000000797,6.7838157894736835
user-0000000000000798,7.281738035264485
user-0000000000000837,7.281738035264485
user-0000000000000880,7.865615942028982
user-0000000000000890,6.950782312925167
user-0000000000000957,7.865615942028982
user-0000000000000972,7.281738035264485
user-0000000000000980,7.281738035264485
user-0000000000000013,7.281738035264485
user-0000000000000081,7.865615942028982
user-0000000000000097,7.281738035264485
user-0000000000000110,6.950782312925167
user-0000000000000152,6.7838157894736835
user-0000000000000224,7.865615942028982
user-0000000000000267,7.281738035264485
user-0000000000000282,7.865615942028982
user-0000000000000322,7.865615942028982
user-0000000000000344,7.281738035264485
user-0000000000000371,7.568057553956836
user-0000000000000422,7.865615942028982
user-0000000000000444,6.950782312925167
user-0000000000000463,6.950782312925167
user-0000000000000542,8.621869918699188
user-0000000000000552,7.865615942028982
user-0000000000000558,6.950782312925167
user-0000000000000568,7.281738035264485
user-0000000000000571,8.621869918699188
user-0000000000000587,6.950782312925167
user-0000000000000623,7.281738035264485
user-0000000000000645,7.865615942028982
user-0000000000000651,6.950782312925167
user-0000000000000715,6.950782312925167
user-0000000000000746,8.621869918699188
user-0000000000000751,6.950782312925167
user-0000000000000903,7.281738035264485
user-0000000000000922,6.950782312925167
user-0000000000000016,6.950782312925167
user-0000000000000037,7.518888888888887
user-0000000000000083,7.865615942028982
user-0000000000000170,6.7838157894736835
user-0000000000000173,7.865615942028982
user-0000000000000174,7.281738035264485
user-0000000000000187,6.950782312925167
user-0000000000000206,7.865615942028982
user-0000000000000214,6.950782312925167
user-0000000000000245,7.865615942028982
user-0000000000000296,6.950782312925167
user-0000000000000321,7.281738035264485
user-0000000000000366,7.147478260869565
user-0000000000000406,6.950782312925167
user-0000000000000454,6.950782312925167
user-0000000000000470,7.865615942028982
user-0000000000000516,8.621869918699188
user-0000000000000533,7.865615942028982
user-0000000000000554,6.7838157894736835
user-0000000000000560,6.950782312925167
user-0000000000000572,7.281738035264485
user-0000000000000651,6.950782312925167
user-0000000000000723,7.568057553956836
user-0000000000000744,7.865615942028982
user-0000000000000818,7.865615942028982
user-0000000000000869,6.950782312925167
user-0000000000000878,7.865615942028982
user-0000000000000926,8.621869918699188
user-0000000000000935,7.281738035264485
user-0000000000000940,8.621869918699188
user-0000000000000943,8.621869918699188
user-0000000000000024,7.281738035264485
user-0000000000000038,7.281738035264485
user-0000000000000051,6.7838157894736835
user-0000000000000125,6.950782312925167
user-0000000000000176,7.865615942028982
user-0000000000000178,6.950782312925167
user-0000000000000189,6.950782312925167
user-0000000000000190,8.621869918699188
user-0000000000000281,6.950782312925167
user-0000000000000290,7.281738035264485
user-0000000000000292,7.865615942028982
user-0000000000000314,7.281738035264485
user-0000000000000321,7.281738035264485
user-0000000000000330,6.950782312925167
user-0000000000000462,7.865615942028982
user-0000000000000480,7.281738035264485
user-0000000000000486,6.950782312925167
user-0000000000000590,7.281738035264485
user-0000000000000595,7.865615942028982
user-0000000000000644,6.950782312925167
user-0000000000000672,6.950782312925167
user-0000000000000696,6.7838157894736835
user-0000000000000735,7.865615942028982
user-0000000000000746,7.281738035264485
user-0000000000000767,6.950782312925167
user-0000000000000799,7.281738035264485
user-0000000000000810,7.281738035264485
user-0000000000000814,7.865615942028982
user-0000000000000834,6.950782312925167
user-0000000000000875,8.621869918699188
user-0000000000000930,7.273857142857146
user-0000000000000014,7.281738035264485
user-0000000000000062,8.621869918699188
user-0000000000000120,6.7838157894736835
user-0000000000000148,7.865615942028982
user-0000000000000169,8.621869918699188
user-0000000000000205,7.281738035264485
user-0000000000000221,7.518888888888887
user-0000000000000376,6.950782312925167
user-0000000000000472,7.865615942028982
user-0000000000000506,8.621869918699188
user-0000000000000528,7.281738035264485
user-0000000000000555,6.950782312925167
user-0000000000000570,7.281738035264485
user-0000000000000682,7.281738035264485
user-0000000000000684,7.568057553956836
user-0000000000000690,7.518888888888887
user-0000000000000716,7.865615942028982
user-0000000000000783,7.281738035264485
user-0000000000000795,6.950782312925167
user-0000000000000842,7.865615942028982
user-0000000000000878,7.281738035264485
user-0000000000000896,7.865615942028982
user-0000000000000917,7.865615942028982
user-0000000000000932,6.950782312925167
user-0000000000000945,7.273857142857146
user-0000000000000946,7.281738035264485
user-0000000000000947,6.7838157894736835
user-0000000000000974,7.865615942028982
user-0000000000000995,7.281738035264485
user-0000000000000054,7.281738035264485
user-0000000000000060,7.281738035264485
user-0000000000000062,7.865615942028982
user-0000000000000068,7.865615942028982
user-0000000000000115,8.621869918699188
user-0000000000000165,7.865615942028982
user-0000000000000242,6.950782312925167
user-0000000000000305,7.865615942028982
user-0000000000000366,8.621869918699188
user-0000000000000367,7.865615942028982
user-0000000000000404,7.281738035264485
user-0000000000000459,6.950782312925167
user-0000000000000473,8.621869918699188
user-0000000000000514,7.865615942028982
user-0000000000000545,7.281738035264485
user-0000000000000557,6.950782312925167
user-0000000000000715,7.281738035264485
user-0000000000000751,7.281738035264485
user-0000000000000803,7.281738035264485
user-0000000000000806,7.281738035264485
user-0000000000000830,8.621869918699188
user-0000000000000831,6.950782312925167
user-0000000000000838,7.273857142857146
user-0000000000000904,7.865615942028982
user-0000000000000919,6.950782312925167
user-0000000000000979,7.281738035264485
user-0000000000000062,6.950782312925167
user-0000000000000120,7.865615942028982
user-0000000000000175,6.950782312925167
user-0000000000000255,7.281738035264485
user-0000000000000339,6.950782312925167
user-0000000000000410,7.865615942028982
user-0000000000000453,7.273857142857146
user-0000000000000520,7.865615942028982
user-0000000000000527,7.281738035264485
user-0000000000000574,7.865615942028982
user-0000000000000593,7.865615942028982
user-0000000000000656,6.950782312925167
user-0000000000000734,7.281738035264485
user-0000000000000771,7.865615942028982
user-0000000000000782,7.281738035264485
user-0000000000000787,7.518888888888887
user-0000000000000839,7.281738035264485
user-0000000000000851,7.865615942028982
user-0000000000000864,6.950782312925167
user-0000000000000913,6.950782312925167
user-0000000000000928,7.865615942028982
user-0000000000000960,7.281738035264485
user-0000000000000011,7.865615942028982
user-0000000000000021,7.281738035264485
user-0000000000000084,8.621869918699188
user-0000000000000373,7.281738035264485
user-0000000000000378,6.950782312925167
user-0000000000000409,7.281738035264485
user-0000000000000417,7.281738035264485
user-0000000000000453,7.865615942028982
user-0000000000000459,6.950782312925167
user-0000000000000500,7.281738035264485
user-0000000000000525,8.621869918699188
user-0000000000000531,7.518888888888887
user-0000000000000532,7.865615942028982
user-0000000000000571,6.950782312925167
user-0000000000000581,7.281738035264485
user-0000000000000613,7.281738035264485
user-0000000000000661,7.147478260869565
user-0000000000000679,7.865615942028982
user-0000000000000700,7.865615942028982
user-0000000000000720,7.281738035264485
user-0000000000000742,7.281738035264485
user-0000000000000765,7.518888888888887
user-0000000000000793,6.950782312925167
user-0000000000000795,7.281738035264485
user-0000000000000818,7.147478260869565
user-0000000000000908,7.273857142857146
user-0000000000000946,7.865615942028982
user-0000000000000983,7.865615942028982
